{"1": {"axial_ratio": 0.13785456956939784, "compactness": 0.21390431141587068}, "2": {"axial_ratio": 0.48891104190839335, "compactness": 0.45402604365415805}, "3": {"axial_ratio": 0.8011249960143433, "compactness": 0.6342362724154346}}