{"1": {"axial_ratio": 0.5046525299156671, "compactness": 0.5062051562139798}}