{"1": {"axial_ratio": 0.45894257455842924, "compactness": 0.5856730583908628}}