{"1": {"axial_ratio": 0.5991197029776519, "compactness": 0.5990722580778451}}