{"1": {"axial_ratio": 0.3819371882201233, "compactness": 0.472076494488677}, "2": {"axial_ratio": 0.36934272438908244, "compactness": 0.6132947458865885}}