{"1": {"axial_ratio": 0.2235363089509451, "compactness": 0.3983917200001151}}