{"1": {"axial_ratio": 0.2128836890927147, "compactness": 0.34873357098087354}}