{"1": {"axial_ratio": 0.2348226450449686, "compactness": 0.44477159197517974}, "2": {"axial_ratio": 0.4155469630337606, "compactness": 0.5862957044574508}}