{"1": {"axial_ratio": 0.5655269137611384, "compactness": 0.594201567775335}}