{"1": {"axial_ratio": 0.7964018075465905, "compactness": 0.5837401611740226}}