{"1": {"axial_ratio": 0.37376956667558514, "compactness": 0.4995024416335197}}