{"1": {"axial_ratio": 0.20189347589695933, "compactness": 0.26453517668024995}}